shelter,data_set,lat,lon,type
Cow Camp Shelter,TNL,37.745040,-79.212690,Shelter
Wawayanda,ATC,41.202216,-74.398137,Log/Lumber
Cooper Brook Falls Lean-to,TNL,45.640500,-69.087400,Lean-to
Peru Peak,ATC,43.301214,-72.952822,Log/Lumber
RPH,ATC,41.514503,-73.792808,Other
Roan High Knob Shelter,TNL,36.105060,-82.122220,Shelter
Old Orchard,ATC,36.683193,-81.511183,Log
Bascom Lodge,TNL,42.636860,-73.167360,Unknown
Stan Murray Shelter,TNL,36.112360,-82.065710,Shelter
Greenwall,ATC,43.440610,-72.929960,Other
Rutherford,ATC,41.277461,-74.678222,Log
Rocky Run Shelter,TNL,39.460950,-77.630870,Shelter
Stewart Hollow Brook Lean-to,TNL,41.779280,-73.418510,Lean-to
Hermit Lake Shelter (2 of 2),TNL,44.261300,-71.285880,Shelter
Velvet Rocks,ATC,43.702583,-72.265210,Timber_Frame
Cold Spring,ATC,35.230985,-83.560078,Log
Long Branch Shelter,TNL,35.069971,-83.498158,Shelter
Rattle River Shelter,TNL,44.379900,-71.107430,Shelter
Cloud Pond Lean-to,TNL,45.418040,-69.353220,Lean-to
Standing Indian Shelter,TNL,35.041970,-83.548060,Shelter
Pinefield Hut,TNL,38.290570,-78.645760,Hut
Pickle Branch Shelter,TNL,37.380160,-80.184600,Shelter
Thistle Hill Shelter,TNL,43.695180,-72.475320,Shelter
Jim & Molly Denton,ATC,38.890030,-78.083350,Stick_w/T1_siding
Leroy A. Smith Shelter,TNL,40.839400,-75.359390,Shelter
Tom Leonard Lean-to,TNL,42.164790,-73.305800,Lean-to
Morgan Stewart,ATC,41.564539,-73.692166,Log/Lumber
Moose Mountain,ATC,43.727215,-72.149779,Log
Deer Park Mountain Shelter,TNL,35.875950,-82.861250,Shelter
Cherry Gap Shelter,TNL,36.129240,-82.264120,Shelter
Pleasant Pond Lean-to,TNL,45.271190,-69.916750,Lean-to
Mashipacong Shelter,TNL,41.252160,-74.685940,Shelter
A. Rufus Morgan Shelter,TNL,35.324270,-83.590180,Shelter
Greenleaf Hut,TNL,44.160240,-71.660240,Hut
Brown Fork Gap Shelter,TNL,35.374270,-83.733920,Shelter
Clyde Smith,ATC,36.148478,-82.161305,Stick_w/ply_siding
Double Spring Gap Shelter,TNL,35.565270,-83.542740,Shelter
Kirkridge Shelter,TNL,40.936720,-75.186400,Shelter
Byrds Nest 3,TNL,38.634410,-78.323760,Unknown
Imp Campsite Shelter,TNL,44.328860,-71.150040,Shelter
Eliza Brook Campsite Shelter,TNL,44.100740,-71.741820,Shelter
Winturri,ATC,43.662210,-72.622433,Other
Ore Hill camp,TNL,43.921830,-71.957440,Unknown
Rutherford Shelter,TNL,41.277460,-74.677810,Shelter
David Lesser Memorial,ATC,39.227199,-77.779398,Log/Lumber
William B. Douglas,ATC,43.144573,-72.991390,Log/Lumber
Dicks Dome Shelter,TNL,38.969700,-77.997210,Shelter
Rausch Gap Shelter,TNL,40.498650,-76.600120,Shelter
Deep Gap,ATC,34.882370,-83.646010,Unknown
George W. Outerbridge,ATC,40.782490,-75.618317,Log
Lost Mountain Shelter,TNL,36.644190,-81.655920,Shelter
Bald Mountain Brook Lean-to,TNL,45.258540,-69.799470,Lean-to
Partnership Shelter,TNL,36.809530,-81.422370,Shelter
Groundhog Creek Shelter,TNL,35.781840,-83.026320,Shelter
Pico Camp,ATC,43.638930,-72.831500,Unknown
Rattle River,ATC,44.380024,-71.108102,Stick_w/Lumber_sidng
Happy Hill,ATC,43.724072,-72.365667,Stone/Log
Saunders Shelter,TNL,36.637760,-81.713470,Shelter
The Birches Shelters,TNL,45.886750,-68.999050,Shelter
Niday,ATC,37.387645,-80.264229,Log w/siding
Brassie Brook,ATC,42.028364,-73.453817,Log
Windsor Furnace Shelter,TNL,40.590550,-75.941230,Shelter
Wildcat,ATC,41.268265,-74.268198,Stick_w/Lumber_sidng
Moose Mountain Shelter,TNL,43.727180,-72.149260,Shelter
Springer Mountain Shelter,TNL,34.629460,-84.192680,Shelter
John's Spring,ATC,37.385334,-80.074124,Stick_w/Lumber_sidng
War Spur,ATC,37.397569,-80.474025,Stick_w/Lumber_sidng
Rock Spring Hut,TNL,38.553530,-78.408300,Hut
Cooper Lodge,TNL,43.606060,-72.822490,Unknown
Iron Mountain Shelter,TNL,36.435400,-81.990950,Shelter
Jenny Knob,ATC,37.154970,-80.980320,Stick_w/Lumber_siding
Wiley,ATC,41.637881,-73.532793,Log
Lamberts Meadow,ATC,37.434587,-79.987724,Stone/Log
Seth Warner,ATC,42.772159,-73.137283,Stick_w/Lumber_sidng
Old Orchard Shelter,TNL,36.683130,-81.511210,Shelter
Chestnut Knob,ATC,37.057686,-81.399556,Stone
Thomas Knob,ATC,36.656521,-81.535420,Log/Lumber
Hurd Brook Lean-to,TNL,45.818520,-69.018470,Lean-to
Cornelius Creek Shelter,TNL,37.494010,-79.547030,Shelter
Wilson Creek,ATC,37.419368,-79.785831,Stick_w/Lumber_siding
Caughnawaga Shelter,TNL,43.014970,-73.043630,Shelter
Gooch Mountain,ATC,34.655530,-84.050030,Stick_w/T1_siding
Cosby Knob Shelter,TNL,35.728280,-83.182200,Shelter
Pecks Corner Shelter,TNL,35.650830,-83.308480,Shelter
Hawk Mountain,ATC,34.665910,-84.136402,Post_&_Beam
Pickle Branch,ATC,37.380090,-80.184820,Log w/siding
Mount Wilcox South Lean-to,ATC,42.207727,-73.268756,Timber_Frame
Clarendon Shelter,TNL,43.523540,-72.912570,Shelter
Blood Mountain Shelter,TNL,34.740030,-83.937430,Shelter
Jeffers Brook Shelter,TNL,43.996680,-71.888950,Shelter
Bake Oven Knob,ATC,40.754111,-75.727429,Log
Telephone Pioneers Shelter,TNL,41.603820,-73.618800,Shelter
Horseshoe Canyon Lean-to,TNL,45.282740,-69.627590,Lean-to
Mountaineer Falls Shelter,TNL,36.220200,-81.985700,Shelter
Ten Mile River Lean-to,TNL,41.665160,-73.509220,Lean-to
Pochuck Mountain Shelter,TNL,41.271260,-74.514920,Shelter
Greenwall Shelter,TNL,43.440590,-72.929470,Shelter
Blackrock Hut,TNL,38.214260,-78.742940,Hut
Garfield Ridge,ATC,44.190723,-71.608894,Log/Lumber
Eliza Brook,ATC,44.100931,-71.742657,Log/Lumber
Lost Pond Shelter,TNL,43.347600,-72.952570,Shelter
Johns Spring Shelter,TNL,37.385370,-80.074030,Shelter
Walnut Mountain,ATC,35.836408,-82.936630,Log
East Branch Lean-to,TNL,45.596760,-69.198160,Lean-to
Curly Maple Gap,ATC,36.104229,-82.397012,Cinder_Block
Cold Spring Shelter,TNL,35.231090,-83.559960,Shelter
Cosby Knob,ATC,35.728228,-83.182110,Stone/Log
Mollies Ridge Shelter,TNL,35.545880,-83.793500,Shelter
Bearfence Mountain Hut,TNL,38.444090,-78.470410,Hut
Springer Mountain,ATC,34.629337,-84.192779,Post_&_Beam
Sarver Hollow,ATC,37.354620,-80.337620,Stick_w/Lumber_sidng
Double Spring Gap,ATC,35.565075,-83.542729,Stone
Partnership,ATC,36.809451,-81.422557,Log/Lumber
Roan High Knob,ATC,36.104970,-82.122370,Unknown
James Fry Shelter,TNL,40.062950,-77.206110,Shelter
Sarver Hollow Shelter,TNL,37.354690,-80.337410,Shelter
Spring Mountain,ATC,35.951714,-82.790282,Log/Lumber
Guyot,ATC,44.161078,-71.535578,Log/Lumber
Big Branch,ATC,43.364150,-72.946880,Other
Low Gap,ATC,34.776154,-83.824601,Log w/siding
Speck Pond Shelter,TNL,44.564690,-70.973620,Shelter
Walnut Mountain Shelter,TNL,35.836500,-82.936490,Shelter
Moreland Gap Shelter,TNL,36.220150,-82.088310,Shelter
Carter Gap Shelter (old),TNL,34.999980,-83.494760,Shelter
Churchill Scott Shelter,TNL,43.644890,-72.853400,Shelter
Fullhardt Knob Shelter,TNL,37.398520,-79.853670,Shelter
Bears Den Hostel,TNL,39.110930,-77.854090,Unknown
Vandeventer,ATC,36.366960,-82.058896,Cinder_Block
Campbell,ATC,37.390755,-80.029446,Lumber
Beaver Brook,ATC,44.033080,-71.811842,Log
Chairback Gap Lean-to,TNL,45.453110,-69.261740,Lean-to
Antietam Shelter,TNL,39.793800,-77.482570,Shelter
Double Springs,ATC,36.509043,-81.986324,Cinder_Block
Leroy A. Smith,ATC,40.839390,-75.359780,Log
Mizpah Spring Hut,TNL,44.219300,-71.369560,Hut
Bobblet's Gap,ATC,37.467050,-79.701440,Stick_w/ply_siding
Melville Nauheim Shelter,TNL,42.887820,-73.095070,Shelter
Low Gap Shelter,TNL,34.776250,-83.824500,Shelter
Sam Moore,ATC,39.090630,-77.886570,Unknown
Icewater Spring,ATC,35.629756,-83.386280,Stone/Log
Mount Algo Lean-to,ATC,41.731808,-73.496265,Log/Lumber
Harpers Creek Shelter,TNL,37.856190,-79.000500,Shelter
Horns Pond Lean-to (west),ATC,45.143930,-70.330220,Log/Lumber
Woods Hole,ATC,34.737120,-83.955050,Log/Lumber
Chatfield Shelter,TNL,36.850030,-81.363170,Shelter
Hurricane Mountain,ATC,36.715475,-81.509666,Log
Rocky Mountain,ATC,39.868502,-77.500911,Lumber
Punchbowl Shelter,TNL,37.677880,-79.338440,Shelter
Silers Bald,ATC,35.564263,-83.568248,Stone/Log
Thunder Hill Shelter,TNL,37.527460,-79.503900,Shelter
Mount Wilcox North Lean-to,ATC,42.221100,-73.250659,Log/Lumber
Tom Floyd Wayside,ATC,38.850420,-78.163950,Other
Bryant Ridge Shelter,TNL,37.530150,-79.585570,Shelter
Gifford Woods State Park,TNL,43.676070,-72.811200,Unknown
Kinsman Pond Campsite Shelter,TNL,44.136810,-71.732300,Shelter
Gren Anderson,ATC,41.199483,-74.753050,Log/Lumber
Tom's Run,ATC,40.033647,-77.357109,Lumber
Lula Tye Shelter,TNL,43.395430,-72.954660,Shelter
Hexacuba Shelter,TNL,43.876230,-72.026860,Shelter
Devils Racecourse Shelter,TNL,39.671970,-77.524100,Shelter
West Mountain Shelter,TNL,41.282360,-74.009200,Shelter
Congdon,ATC,42.848096,-73.110427,Log/Lumber
Campbell Shelter,TNL,37.390820,-80.029220,Shelter
William Brien Memorial Shelter,TNL,41.279730,-74.059290,Shelter
Helveys Mill Shelter,TNL,37.130780,-81.102950,Shelter
Roaring Fork,ATC,35.805120,-82.949530,Log
Groundhog Creek,ATC,35.781742,-83.026452,Stone
Jeffers Brook,ATC,43.996710,-71.889480,Log
Knot Maul Branch Shelter,TNL,37.000800,-81.404460,Shelter
Logan Brook Lean-to,TNL,45.560900,-69.235120,Lean-to
Gray Knob,TNL,44.332260,-71.310040,Unknown
The Priest Shelter,TNL,37.817650,-79.070330,Shelter
Old Job Shelter,TNL,43.354040,-72.928450,Shelter
Brassie Brook Lean-to,TNL,42.028350,-73.453350,Lean-to
Carlo Col,ATC,44.488704,-71.016735,Log
Stony Brook Shelter,TNL,43.691760,-72.730150,Shelter
Doc's Knob,ATC,37.270267,-80.836393,Log w/siding
Wise Shelter,TNL,36.654000,-81.498360,Shelter
Tri-corner Knob,ATC,35.693726,-83.256785,Stone/Log
Deer Lick Shelters,TNL,39.766150,-77.484800,Shelter
Rocky Run,ATC,39.462144,-77.631068,Log
Bromley Shelter,TNL,43.222380,-72.950480,Shelter
Sabbath Day Pond Lean-to,TNL,44.840940,-70.662120,Lean-to
James Fry at Tagg Run,ATC,40.062937,-77.206432,Stick
Brink Road Shelter,TNL,41.153230,-74.837770,Shelter
Peru Peak Shelter,TNL,43.301200,-72.951850,Shelter
Rainbow Stream Lean-to,TNL,45.799060,-69.170410,Lean-to
October Mountain Lean-to,TNL,42.354930,-73.154040,Lean-to
Baldpate Lean-to,TNL,44.598420,-70.911670,Lean-to
Hogback Ridge Shelter,TNL,35.964080,-82.587130,Shelter
Flint Mountain,ATC,36.034770,-82.596780,Unknown
Abingdon Gap,ATC,36.580857,-81.901967,Cinder_Block
Allentown Shelter,TNL,40.683050,-75.873850,Shelter
Thomas Knob Shelter,TNL,36.656600,-81.535240,Shelter
Vandeventer Shelter,TNL,36.367070,-82.058770,Shelter
William B. Douglas Shelter,TNL,43.144400,-72.990980,Shelter
Telephone Pioneers,ATC,41.603841,-73.619268,Log/Lumber
Hurricane Mountain Shelter,TNL,36.715360,-81.509520,Shelter
Wildcat Shelter,TNL,41.268240,-74.267770,Shelter
Pochuck Mountain,ATC,41.271260,-74.515345,Other
Ethan Pond Campsite Shelter,TNL,44.177150,-71.426590,Shelter
Siler Bald Shelter,TNL,35.144220,-83.572470,Shelter
Mashipicong,ATC,41.252159,-74.686359,Stone
Little Rock Pond,ATC,43.398837,-72.955171,Timber_Frame
Minerva Hinchey,ATC,43.487880,-72.925020,Other
Glen Brook Lean-to,TNL,42.111020,-73.427250,Lean-to
Full Goose,ATC,44.525252,-70.981400,Log w/siding
The Place,TNL,36.633890,-81.787280,Unknown
Cove Mountain,ATC,37.511571,-79.650958,Lumber
The Perch Shelter,TNL,44.324460,-71.310480,Shelter
Trimpi Shelter,TNL,36.749390,-81.480410,Shelter
Moxie Bald Lean-to,TNL,45.270680,-69.745340,Lean-to
Pine Swamp Brook Lean-to,TNL,41.881670,-73.391610,Lean-to
Bromley,ATC,43.222413,-72.950996,Post_&_Beam
Clarendon,ATC,43.523667,-72.913118,Stick_w/Lumber_sidng
Wawayanda Shelter,TNL,41.202210,-74.397710,Shelter
Clarks Ferry Shelter,TNL,40.392380,-76.994120,Shelter
Pine Swamp,ATC,37.421984,-80.608683,Stone
Catawba,ATC,37.388205,-80.057094,Stick_w/Lumber_sidng
Johns Hollow Shelter,TNL,37.612920,-79.391780,Shelter
Spring Mountain Shelter,TNL,35.951770,-82.790070,Shelter
Mt. Algo Lean-to,TNL,41.731800,-73.495810,Lean-to
Deep Gap Shelter,TNL,34.882480,-83.645910,Shelter
Birch Run,ATC,39.985099,-77.419760,Lumber
Potaywadjo Spring Lean-to,TNL,45.706530,-69.007380,Lean-to
Whitley Gap,ATC,34.712485,-83.834447,Log/Lumber
Congdon Shelter,TNL,42.848070,-73.109940,Shelter
Wayah Shelter,TNL,35.189460,-83.564410,Shelter
Mount Collins,ATC,35.593923,-83.471070,Stone
Kinsman Pond,ATC,44.136920,-71.732886,Log/Lumber
Mollies Ridge,ATC,35.545757,-83.793667,Stone
Jenkins,ATC,37.093350,-81.247814,Log w/siding
Bald Mountain,ATC,36.000070,-82.478230,Stick_w/ply_siding
Alec Kennedy,ATC,40.111762,-77.104367,Lumber
Sassafras Gap Shelter,TNL,35.330870,-83.666880,Shelter
Quarry Gap Shelters,TNL,39.931980,-77.486380,Shelter
Tricorner Knob Shelter,TNL,35.693760,-83.256530,Shelter
Watauga Lake,ATC,36.313900,-82.129550,Stick_w/ply_siding
Carl A. Newhall Lean-to,TNL,45.531060,-69.315130,Lean-to
Rausch Gap,ATC,40.498640,-76.600470,Log
Gentian Pond Campsite Shelter,TNL,44.451800,-71.069380,Shelter
Catawba Mountain Shelter,TNL,37.388180,-80.057140,Shelter
High Point,ATC,41.315758,-74.657674,Stone
Wiley Shelter,TNL,41.637820,-73.532390,Shelter
Limestone Spring Lean-to,TNL,41.975360,-73.392310,Lean-to
Bemis Mountain Lean-to,TNL,44.810180,-70.755880,Lean-to
Eckville,ATC,40.633740,-75.958260,Other
Knot Maul,ATC,37.000724,-81.404647,Log/Lumber
Stover Creek Shelter,TNL,34.649060,-84.200090,Shelter
Maupin Field Shelter,TNL,37.884900,-78.993630,Shelter
Eagles Nest Shelter,TNL,40.549330,-76.152390,Shelter
High Point Shelter,TNL,41.315750,-74.657260,Shelter
Laurel Fork Shelter,TNL,36.278760,-82.136230,Shelter
Governor Clement Shelter,TNL,43.564650,-72.848360,Shelter
Rocky Mountain Shelters,TNL,39.868520,-77.500600,Shelter
Matts Creek,ATC,37.599466,-79.413478,Stick_w/Lumber_sidng
Madison Springs Hut,TNL,44.327790,-71.283180,Hut
Melville Nauheim,ATC,42.887841,-73.095560,Other
Toms Run Shelters,TNL,40.033670,-77.356780,Shelter
Ethan Pond,ATC,44.177209,-71.427339,Log
Speck Pond Lean-to,ATC,44.564777,-70.974140,Stick_w/Lumber_sidng
Davis Path camp,TNL,36.914510,-81.376720,Unknown
Piazza Rock Lean-to,TNL,44.904180,-70.530040,Lean-to
Rufus Morgan,ATC,35.324202,-83.590230,Log
Spence Field,ATC,35.561784,-83.732667,Stone/Log
Rod Hollow Shelter,TNL,39.047630,-77.944080,Shelter
Black Gap Shelter,TNL,34.617680,-84.198710,Shelter
Calf Mountain Shelter,TNL,38.085530,-78.785550,Shelter
Long Pond Lean-to,ATC,45.421148,-69.410230,Log/Lumber
Lost Mountain,ATC,36.644078,-81.656132,Log
Madison Spring Hut,ATC,44.327842,-71.283795,Stick_w/Lumber_sidng
Windsor Furnace,ATC,40.590540,-75.941600,Log
Seeley-Woodworth Shelter,TNL,37.818970,-79.154880,Shelter
Double Springs Shelter,TNL,36.509110,-81.986060,Shelter
Brown Fork Gap,ATC,35.374168,-83.734021,Log
Alec Kennedy Shelter,TNL,40.111780,-77.104030,Shelter
Kid Gore,ATC,43.014162,-73.043415,Log/Lumber
Eckville Shelter,TNL,40.633750,-75.957890,Shelter
Rice Field,ATC,37.374833,-80.758556,Log/Lumber
Blue Mountain Shelter,TNL,34.817240,-83.766680,Shelter
Bailey Gap Shelter,TNL,37.400950,-80.577020,Shelter
Governor Clement,ATC,43.564670,-72.848850,Stone
Deer Lick,ATC,39.766125,-77.485119,Lumber
Jerry Cabin,TNL,36.056550,-82.657130,Unknown
Lonesome Lake Hut,TNL,44.138420,-71.703120,Hut
The Hemlocks Lean-to,TNL,42.109680,-73.428650,Lean-to
Carter Gap Shelter (new),TNL,34.999020,-83.494080,Shelter
Trapper John,ATC,43.783122,-72.111921,Stick_w/Lumber_sidng
Tray Mountain,ATC,34.804000,-83.676886,Log/Lumber
Quarry Gap,ATC,39.931963,-77.486690,Log/Lumber
Sam Moore Shelter,TNL,39.090670,-77.886270,Shelter
Fontana Dam,ATC,35.448384,-83.794020,Stick_w/T1_siding
Hightop Hut,TNL,38.333140,-78.558360,Hut
Whitley Gap Shelter,TNL,34.712500,-83.834280,Shelter
Little Laurel,ATC,36.015012,-82.736067,Stone/Log
Pico Camp Shelter,TNL,43.638900,-72.831010,Shelter
Rice Field Shelter,TNL,37.374850,-80.758350,Shelter
Tucker Johnson removed,TNL,43.679430,-72.842950,Unknown
Pine Swamp Branch Shelter,TNL,37.422040,-80.608400,Shelter
Rod Hollow,ATC,39.047597,-77.944371,Log/Lumber
Pass Mountain Hut,TNL,38.676600,-78.318900,Hut
Birch Run Shelters,TNL,39.985120,-77.419430,Shelter
501 Shelter,TNL,40.513120,-76.346400,Shelter
Minerva Hinchey Shelter,TNL,43.487860,-72.924530,Shelter
Rock Gap Shelter,TNL,35.091590,-83.523030,Shelter
Punchbowl,ATC,37.677827,-79.338693,Stick_w/T1_siding
Derrick Knob Shelter,TNL,35.566350,-83.641790,Shelter
Wilbur Clearing Lean-to,TNL,42.667760,-73.170150,Lean-to
War Spur Shelter,TNL,37.397570,-80.473820,Shelter
Wayah Bald,ATC,35.187702,-83.562139,Log/Lumber
Deer Park,ATC,35.875884,-82.861367,Log
Manassass Gap,ATC,38.930607,-78.032994,Log
Chatfield Memorial,ATC,36.849816,-81.363234,Log w/siding
Woods Hole Shelter,TNL,34.737240,-83.954950,Shelter
Wintturi Shelter,TNL,43.662180,-72.621930,Shelter
Frye Notch Lean-to,TNL,44.627910,-70.899830,Lean-to
Crampton Gap Shelter,TNL,39.412590,-77.637020,Shelter
Wilson Creek Shelter,TNL,37.419360,-79.785580,Shelter
Tom Floyd Wayside Shelter,TNL,38.850460,-78.163660,Shelter
Hawk Mountain Shelter,TNL,34.666030,-84.136310,Shelter
Davenport Gap Shelter,TNL,35.769300,-83.123400,Shelter
Derrick Knob,ATC,35.566503,-83.641887,Stone/Log
No Business Knob,ATC,36.066531,-82.433801,Other
Stratton Pond Shelter,TNL,43.100500,-72.963550,Shelter
Helvey's Mill,ATC,37.130706,-81.103144,Lumber
Wesser Bald,ATC,35.282497,-83.582451,Log/Lumber
Spruce Peak,ATC,43.178601,-72.995685,Log
Overmountain Shelter,TNL,36.123490,-82.054290,Shelter
Thelma Marks Shelter,TNL,40.363580,-77.067260,Shelter
Little Rock Pond Shelter,TNL,43.404080,-72.953150,Shelter
David Lesser Shelter,TNL,39.227230,-77.779090,Shelter
Mt. Wilcox South Lean-to,TNL,42.207710,-73.268290,Lean-to
Flint Mountain Shelter,TNL,36.034860,-82.596640,Shelter
Fontana Dam Shelter,TNL,35.448490,-83.793980,Shelter
Iron Mountain,ATC,36.435320,-81.991110,Unknown
Brown Mountain Creek Shelter,TNL,37.709440,-79.268310,Shelter
Ensign Cowall Shelter,TNL,39.631020,-77.555660,Shelter
Stan Murray,ATC,36.112270,-82.065860,Unknown
Story Spring,ATC,43.050463,-73.012923,Stick_w/Lumber_sidng
Wesser Bald Shelter,TNL,35.282480,-83.582110,Shelter
Carter Notch Hut,TNL,44.259260,-71.195330,Hut
Goddard,ATC,42.974103,-73.072615,Timber_Frame
West Mountain,ATC,41.282364,-74.009637,Stone
Story Spring Shelter,TNL,43.050350,-73.012430,Shelter
Bobblets Gap Shelter,TNL,37.467120,-79.701210,Shelter
Gravel Springs Hut,TNL,38.763880,-78.233620,Hut
Russell Field,ATC,35.561677,-83.766596,Stone
William Penn Shelter,TNL,40.495590,-76.414090,Shelter
Matts Creek Shelter,TNL,37.599550,-79.413200,Shelter
Spaulding Mountain Lean-to,TNL,44.995770,-70.341340,Lean-to
Mt. Collins Shelter,TNL,35.593840,-83.471290,Shelter
Fire Warden's Cabin,ATC,43.825409,-72.037869,Stick_w/Lumber_sidng
Allentown,ATC,40.683047,-75.874222,Log
Mount Le Conte Shelter,TNL,35.652800,-83.438900,Shelter
Mountaineer Falls,ATC,36.220300,-81.985300,Unknown
Manassas Gap Shelter,TNL,38.930710,-78.032690,Shelter
Lula Tye,ATC,43.395460,-72.955140,Other
Beaver Brook Shelter,TNL,44.033040,-71.811320,Shelter
Little Bigelow Lean-to,TNL,45.139170,-70.191150,Lean-to
Fingerboard Shelter,TNL,41.263270,-74.103990,Shelter
Chestnut Knob Shelter,TNL,37.057730,-81.399340,Shelter
Abingdon Gap Shelter,TNL,36.580940,-81.901890,Shelter
Guyot Campsite Shelter,TNL,44.161040,-71.535040,Shelter
Bryant Ridge,ATC,37.530079,-79.585835,Timber_Frame
Happy Hill Shelter,TNL,43.723990,-72.365240,Shelter
Cable Gap Shelter,TNL,35.415230,-83.773420,Shelter
Cove Mountain Shelter,TNL,37.511630,-79.650710,Shelter
Trapper John Shelter,TNL,43.783100,-72.111510,Shelter
Big Branch Shelter,TNL,43.364130,-72.946400,Shelter
Docs Knob Shelter,TNL,37.270310,-80.836150,Shelter
Muskrat Creek,ATC,35.020610,-83.581558,Log
Gooch Mountain Shelter,TNL,34.655650,-84.049940,Shelter
Jim n Molly Denton Shelter,TNL,38.890070,-78.083060,Shelter
Thistle Hill,ATC,43.695206,-72.475830,Log
Wapiti,ATC,37.223814,-80.824306,Log
Plumorchard Gap,ATC,34.945823,-83.588443,Post_&_Beam
Jenkins Shelter,TNL,37.093400,-81.247620,Shelter
Mt. Wilcox North Lean-to,TNL,42.221080,-73.250180,Lean-to
Garfield Ridge Campsite Shelter,TNL,44.190690,-71.608360,Shelter
Curley Maple Gap Shelter,TNL,36.104330,-82.396840,Shelter
Peters Mountain Shelter,TNL,40.425930,-76.879320,Shelter
Velvet Rocks Shelter,TNL,43.702510,-72.264720,Shelter
Wapiti Shelter,TNL,37.223860,-80.824030,Shelter
Wise,ATC,36.653961,-81.498550,Log/Lumber
PA 501,ATC,40.513165,-76.346835,Other
Hog Back Ridge,ATC,35.963986,-82.587273,Log/Lumber
Lamberts Meadow Shelter,TNL,37.434610,-79.987540,Shelter
Blue Mountain,ATC,34.817199,-83.767008,Stick_w/T1_siding
Hermit Lake Shelter (1 of 2),TNL,44.261090,-71.286300,Shelter
Mark Noepel Lean-to,TNL,42.608620,-73.184150,Lean-to
Wilson Valley Lean-to,TNL,45.398730,-69.459210,Lean-to
Kay Wood Lean-to,TNL,42.452110,-73.161480,Lean-to
Stover Creek,ATC,34.648938,-84.200182,Post_&_Beam
Plumorchard Gap Shelter,TNL,34.945940,-83.588280,Shelter
Poplar Ridge Lean-to,TNL,44.970000,-70.445340,Lean-to
Carter Gap,ATC,34.998915,-83.494233,Log/Lumber
Peters Mountain,ATC,40.425910,-76.879650,Unknown
Imp Campsite,ATC,44.328949,-71.150717,Log/Lumber
Seth Warner Shelter,TNL,42.771930,-73.136940,Shelter
George W. Outerbridge Shelter,TNL,40.782490,-75.617930,Shelter
Antietam,ATC,39.793781,-77.482882,Log/Lumber
Fullhardt Knob,ATC,37.398462,-79.853906,Stick_w/ply_siding
Cloudland Shelter,TNL,43.692140,-72.493120,Shelter
Roaring Fork Shelter,TNL,35.805000,-82.949780,Shelter
Ed Garvey Shelter,TNL,39.359820,-77.661720,Shelter
Muskrat Creek Shelter,TNL,35.020720,-83.581440,Shelter
Tumbling Run,ATC,39.804820,-77.478376,Lumber
Niday Shelter,TNL,37.387650,-80.264030,Shelter
Pierce Pond Lean-to,TNL,45.240250,-70.055480,Lean-to
Little Laurel Shelter,TNL,36.015100,-82.735920,Shelter
Thunder Hill,ATC,37.527397,-79.504141,Stick_w/Lumber_siding
Crampton Gap,ATC,39.412562,-77.637335,Log/Lumber
Spruce Peak Shelter,TNL,43.178580,-72.995200,Shelter
Watauga Lake Shelter,TNL,36.313980,-82.129400,Shelter
Hexacuba,ATC,43.876258,-72.027344,Log
Leeman Brook Lean-to,TNL,45.351510,-69.498770,Lean-to
Long Branch,ATC,35.070010,-83.498087,Stick_w/Lumber_sidng
Crag Camp,TNL,44.334910,-71.302020,Unknown
William Penn,ATC,40.495585,-76.414445,Log/Lumber
Saunders,ATC,36.637683,-81.713643,Timber_Frame
Pecks Corner,ATC,35.650753,-83.308673,Stone/Log
Darlington Shelter,TNL,40.302000,-77.086900,Shelter
Riga Lean-to,TNL,42.015620,-73.451960,Lean-to
Goddard Shelter,TNL,42.974090,-73.071690,Shelter
Pine Knob Shelter,TNL,39.542500,-77.601810,Shelter
Ensign Cowall,ATC,39.630991,-77.555970,Log
Bald Mountain Shelter,TNL,36.000160,-82.478090,Shelter
Walasi-yi Center,ATC,34.735070,-83.917880,Other
Galehead Hut,TNL,44.187770,-71.568850,Hut
Clyde Smith Shelter,TNL,36.148520,-82.161180,Shelter
Morgan Stewart Memorial Shelter,TNL,41.564540,-73.691700,Shelter
Gentian Pond,ATC,44.451839,-71.069942,Log/Lumber
West Carry Pond Lean-to,TNL,45.158030,-70.099770,Lean-to
Tumbling Run Shelters,TNL,39.804840,-77.478060,Shelter
Gren Anderson Shelter,TNL,41.199480,-74.752640,Shelter
Stony Brook,ATC,43.691870,-72.730766,Stick_w/Lumber_sidng
Siler Bald,ATC,35.144110,-83.572580,Stick_w/T1_siding
Overmountain,ATC,36.123507,-82.054410,Other
Rock Gap,ATC,35.091480,-83.523148,Stick_w/ply_siding
Blood Mountain,ATC,34.739910,-83.937520,Stone
Long Pond Stream Lean-to,TNL,45.421100,-69.409600,Lean-to
Eagles Nest,ATC,40.549352,-76.152755,Log
Cherry Gap,ATC,36.129150,-82.264272,Other
Fingerboard,ATC,41.263273,-74.104466,Stone
No Business Knob Shelter,TNL,36.066620,-82.433650,Shelter
Sasafras Gap,ATC,35.330766,-83.666998,Stick_w/ply_siding
Hall Mountain Lean-to,TNL,44.700790,-70.824730,Lean-to
Icewater Spring Shelter,TNL,35.629790,-83.386270,Shelter
Trimpi,ATC,36.749158,-81.480545,Stone
Bailey Gap,ATC,37.400890,-80.577230,Post_&_Beam
Horns Pond Lean-tos,TNL,45.143880,-70.329660,Lean-to
William Brien Memorial,ATC,41.279741,-74.059728,Stone/Log
Carlo Col Shelter,TNL,44.488670,-71.016180,Shelter
Full Goose Shelter,TNL,44.525150,-70.980880,Shelter
Russell Field Shelter,TNL,35.561900,-83.766900,Shelter
Paul C. Wolfe Shelter,TNL,37.985430,-78.883670,Shelter
Spence Field Shelter,TNL,35.561700,-83.732200,Shelter
Laurel Fork,ATC,36.278670,-82.136390,Stone
Churchhill Scott,ATC,43.644910,-72.853890,Post_&_Beam
Silers Bald Shelter,TNL,35.564300,-83.568220,Shelter
Upper Goose Pond Cabin,TNL,42.288020,-73.181420,Unknown
Tray Mountain Shelter,TNL,34.804130,-83.676780,Shelter
Brink Road,ATC,41.153231,-74.838186,Log/Lumber
Dick's Dome,ATC,38.969664,-77.997501,Lumber
Big Spring Gap,ATC,35.058918,-83.478898,Stick_w/T1_siding
Kirkridge,ATC,40.936720,-75.186800,Other
Laurel Creek,ATC,37.358896,-80.420894,Post_&_Beam
Blackburn Trail Center,TNL,39.187650,-77.798030,Unknown
Clark's Ferry,ATC,40.392229,-76.994080,Stick_w/T1_siding
Laurel Creek Shelter,TNL,37.358960,-80.420680,Shelter
Kid Gore Shelter,TNL,43.014060,-73.042940,Shelter
Zealand Falls Hut,TNL,44.195830,-71.494310,Hut
Stratton Pond,ATC,43.100531,-72.964509,Post_&_Beam
Ed Garvey,ATC,39.359792,-77.662040,Log/Lumber
Smarts Mountain Cabin,TNL,43.825350,-72.037370,Unknown
Horns Pond Lean-to (east),ATC,45.143930,-70.330250,Log/Lumber
Cornelius Creek,ATC,37.493795,-79.547243,Stick_w/Lumber_sidng
Jenny Knob Shelter,TNL,37.155040,-80.980130,Shelter
Pine  Knob,ATC,39.542479,-77.602121,Log
Darlington,ATC,40.301980,-77.087230,Stick_w/T1_siding
Cable Gap,ATC,35.415165,-83.773522,Log
Davenport Gap,ATC,35.769189,-83.123584,Stone/Log
Lake of the Clouds Hut,TNL,44.258900,-71.318790,Hut
Bake Oven Knob Shelter,TNL,40.754110,-75.727010,Shelter
Moreland Gap,ATC,36.220062,-82.088476,Cinder_Block
Johns Hollow,ATC,37.612721,-79.392031,Log/Lumber
Wadleigh Stream Lean-to,TNL,45.747020,-69.144470,Lean-to
